Name,Tags,Property
2 Retrieving Data,,
3 Sorting Retrieved Data,,
4 Filtering Data,,
5 Advanced Data Filtering,,
6 Using Wildcard Filtering,,
7 Creating Calculated Fields,,
8 Using Data Manipulation Functions,,
9 Summarizing Data,,
10 Grouping Data,,
11 Working with Subqueries,,
12 Joining Tables,,
"13 Advanced Joining ",,
14 Combining Queries,,
15 Inserting Data,,
16 Updating and Deleting Data,,
17 Creating and Manipulating Tables,,
18 Using Views,,
19 Working with Stored Procedures,,
20 Managing Transaction Processing,,
21 Using Cursors,,
22 Understanding Advanced SQL Features,,
LeetCode 总结,,